Variable,PCC,Pearson,PRCC,Spearman,Squared_SRC,SRC,SRRC
"[Q,Ks,Zv,Zm,B,L,Zb,Hd]",0.907702911226252,0.7801827418590545,0.967875123974576,0.8223371870628134,0.71009530642729,0.7922148238739869,0.8418343803652784
"[Q,Ks,Zv,Zm,B,L,Zb,Hd]",-0.4842884492608479,-0.2061658966366699,-0.6154883214103739,-0.1802569066774255,0.0463185248331752,-0.2023308021435785,-0.1701301317134349
"[Q,Ks,Zv,Zm,B,L,Zb,Hd]",0.6743397788631402,0.3187774760138322,0.8513999491796328,0.3313340479309437,0.1258540060144403,0.3335171458745483,0.3535125647655683
"[Q,Ks,Zv,Zm,B,L,Zb,Hd]",-0.1012428262174156,-0.0024620683980823,-0.1698100675448768,0.0063008852558075,0.0015661755022827,-0.037205303950887,-0.037570623508179
"[Q,Ks,Zv,Zm,B,L,Zb,Hd]",-0.0289119688386398,-0.0675106055624553,-0.0289714882957913,-0.0692754934589758,0.0001270377843516,-0.0105962232291157,-0.0063314446694285
"[Q,Ks,Zv,Zm,B,L,Zb,Hd]",5.279062619306806e-05,0.0020388835753609,0.0268815722855765,0.0009152787897564,4.210873762214578e-10,1.9291711320435105e-05,0.0058577520492851
"[Q,Ks,Zv,Zm,B,L,Zb,Hd]",-0.2733655431141761,-0.0955435546858313,-0.4627137544931466,-0.0999296645694135,0.0122215018238064,-0.1039314369980032,-0.1138046504024517
"[Q,Ks,Zv,Zm,B,L,Zb,Hd]",-0.6384888752371539,-0.2970288808792065,-0.8303387210553542,-0.3114192107443712,0.103817447193566,-0.3029143281791743,-0.3243855231821376
