Sobol Index,Upper Bound,Lower Bound
0.798528,0.661922,0.967318
0.0401656,-0.0481405,0.126262
0.040209,-0.0480586,0.126265
0.132787,0.0492929,0.22129
0.0403026,-0.0479852,0.126424
0.12924,0.0410944,0.218453
0.125055,0.0288242,0.219288
0.0637734,-0.027988,0.150754
