Sobol Index,Upper Bound,Lower Bound
0.75244,0.608064,0.906671
-0.00649072,-0.0925922,0.0882279
-0.00644791,-0.0925118,0.0882751
0.107387,0.0310149,0.204032
-0.00615246,-0.0921995,0.0885571
0.0825138,-0.00201394,0.177104
0.0931634,0.00756682,0.191396
0.0252584,-0.060975,0.122404
