Sobol Index,Upper Bound,Lower Bound
0.701461,0.565458,0.856626
0.000142471,-0.116829,0.124569
-4.95547e-08,-0.116929,0.124402
0.114037,-0.00781483,0.246434
-1.70594e-05,-0.117176,0.124529
0.114838,-0.000231734,0.237169
0.0803544,-0.0351309,0.208059
0.033191,-0.0818137,0.160614
