Sobol Index,Upper Bound,Lower Bound
0.64177,0.499628,0.793414
-0.000112119,-0.122332,0.13119
3.11344e-07,-0.122136,0.131288
0.102,-0.0362773,0.248371
-0.000444856,-0.122777,0.131046
0.105672,-0.0123056,0.243332
0.125593,0.0180885,0.251917
0.00709616,-0.112946,0.138684
