Variable,PCC,Pearson,PRCC,Spearman,Squared_SRC,SRC,SRRC
"[X0,X1,X2,X3,X4,X5,X6,X7]",0.914592778164847,0.7974237415642207,0.9761594577472196,0.8404071193063709,0.7570821296256344,0.8360468800447449,0.8800539372661487
"[X0,X1,X2,X3,X4,X5,X6,X7]",-0.3665679288311588,-0.0545644244054634,-0.6019704692533326,-0.0352643691386,0.0229751190793175,-0.1456424642305548,-0.1471041214845443
"[X0,X1,X2,X3,X4,X5,X6,X7]",0.663794318671963,0.3053591329865535,0.8768061433128316,0.334869592362587,0.1153615420454485,0.3263545404835005,0.3537134463362801
"[X0,X1,X2,X3,X4,X5,X6,X7]",-0.0889736396395044,-0.0089798289144643,-0.1529041950825748,0.0127660044666644,0.0011793849767023,-0.0329979476059502,-0.0301843861621356
"[X0,X1,X2,X3,X4,X5,X6,X7]",-0.0988206176085087,0.0188225912548326,-0.1105054759836709,0.0204916082707893,0.0014690992682602,-0.0368285571121321,-0.0217164638861932
"[X0,X1,X2,X3,X4,X5,X6,X7]",-0.0185934449202252,-0.0610076848155214,0.0731193705396982,-0.0622687550011939,5.052170599682448e-05,-0.0068296451040986,0.0141949346571464
"[X0,X1,X2,X3,X4,X5,X6,X7]",-0.2501726573156422,-0.0628616887375433,-0.4917858330104313,-0.0615572058451051,0.0098569711356856,-0.0953961560581279,-0.1098442609269279
"[X0,X1,X2,X3,X4,X5,X6,X7]",-0.6209958823103955,-0.2978748329559136,-0.8388834812576126,-0.3165294096236044,0.0920252321629545,-0.2914825725571688,-0.2992848794873304
