Variable,PCC,Pearson,PRCC,Spearman,Squared_SRC,SRC,SRRC
"[X0,X1,X2]",0.4650586955668075,0.465296337292923,0.4615020969460246,0.462559737153271,0.9739193921209598,0.4635529892147015,0.4599486511712035
"[X0,X1,X2]",0.0211409954794205,0.0296883474479262,0.0522996555702859,0.0635691567822285,0.0015785954405922,0.0186626495695924,0.046320170261234
"[X0,X1,X2]",-0.0830410725267182,-0.0807745456660867,-0.0695215703289051,-0.0654721195560835,0.024502012438448,-0.0735256304859062,-0.0615892443668912
