Variable,PCC,Pearson,PRCC,Spearman,Squared_SRC,SRC,SRRC
"[X0,X1,X2,X3,X4,X5,X6,X7]",0.8889404385124579,0.7750109637199226,0.957414013057998,0.8378118862014579,0.7024169202431484,0.7519409184135434,0.8134622386394297
"[X0,X1,X2,X3,X4,X5,X6,X7]",-0.4545863320935321,-0.2547391830469048,-0.6135263645945834,-0.2338574890944905,0.0483497660621312,-0.1972801660371112,-0.1894757573432589
"[X0,X1,X2,X3,X4,X5,X6,X7]",0.6462119275373772,0.3658506575107204,0.7966028424226352,0.3696361110083609,0.1331015380376695,0.3273239422909041,0.321231288355748
"[X0,X1,X2,X3,X4,X5,X6,X7]",-0.1546235767812657,-0.150580968121664,-0.2101786043724227,-0.1543178071643809,0.0045531015619516,-0.0605396499027262,-0.0524335781446486
"[X0,X1,X2,X3,X4,X5,X6,X7]",-0.0292998945393185,0.0144482355056505,-0.0931663521193473,0.040366232409331,0.0001584975719112,-0.0112952940908338,-0.0227814837339272
"[X0,X1,X2,X3,X4,X5,X6,X7]",0.0869979787218546,0.0832027140945839,0.0233717943722443,0.077141837369446,0.0014510606171638,0.0341766124584807,0.0057899055375521
"[X0,X1,X2,X3,X4,X5,X6,X7]",-0.1854507183848542,-0.0233868974459701,-0.2920236599622789,-0.020640264761781,0.0066412832403542,-0.073115968575834,-0.0745920750754966
"[X0,X1,X2,X3,X4,X5,X6,X7]",-0.5996110824494132,-0.3006664188615334,-0.7614120209246423,-0.3081775397698695,0.1033278326656698,-0.2883997610516962,-0.2849158893604451
