Variable,Importance_Factor,Lower_Bound,Upper_Bound
Q,"[0.720444,0.0554048,0.0878876,0.000557665,0.00146639,2.19826e-05,0.0110359,0.0699918]","[0.558464,0.016264,0.0422624,1.93072e-06,3.01795e-06,1.7991e-06,0.000393634,0.0336702]","[0.929489,0.128043,0.182762,0.0124919,0.0117785,0.00803171,0.0402744,0.130734]"
Ks,"[0.720444,0.0554048,0.0878876,0.000557665,0.00146639,2.19826e-05,0.0110359,0.0699918]","[0.558464,0.016264,0.0422624,1.93072e-06,3.01795e-06,1.7991e-06,0.000393634,0.0336702]","[0.929489,0.128043,0.182762,0.0124919,0.0117785,0.00803171,0.0402744,0.130734]"
Zv,"[0.720444,0.0554048,0.0878876,0.000557665,0.00146639,2.19826e-05,0.0110359,0.0699918]","[0.558464,0.016264,0.0422624,1.93072e-06,3.01795e-06,1.7991e-06,0.000393634,0.0336702]","[0.929489,0.128043,0.182762,0.0124919,0.0117785,0.00803171,0.0402744,0.130734]"
Zm,"[0.720444,0.0554048,0.0878876,0.000557665,0.00146639,2.19826e-05,0.0110359,0.0699918]","[0.558464,0.016264,0.0422624,1.93072e-06,3.01795e-06,1.7991e-06,0.000393634,0.0336702]","[0.929489,0.128043,0.182762,0.0124919,0.0117785,0.00803171,0.0402744,0.130734]"
B,"[0.720444,0.0554048,0.0878876,0.000557665,0.00146639,2.19826e-05,0.0110359,0.0699918]","[0.558464,0.016264,0.0422624,1.93072e-06,3.01795e-06,1.7991e-06,0.000393634,0.0336702]","[0.929489,0.128043,0.182762,0.0124919,0.0117785,0.00803171,0.0402744,0.130734]"
L,"[0.720444,0.0554048,0.0878876,0.000557665,0.00146639,2.19826e-05,0.0110359,0.0699918]","[0.558464,0.016264,0.0422624,1.93072e-06,3.01795e-06,1.7991e-06,0.000393634,0.0336702]","[0.929489,0.128043,0.182762,0.0124919,0.0117785,0.00803171,0.0402744,0.130734]"
Zb,"[0.720444,0.0554048,0.0878876,0.000557665,0.00146639,2.19826e-05,0.0110359,0.0699918]","[0.558464,0.016264,0.0422624,1.93072e-06,3.01795e-06,1.7991e-06,0.000393634,0.0336702]","[0.929489,0.128043,0.182762,0.0124919,0.0117785,0.00803171,0.0402744,0.130734]"
Hd,"[0.720444,0.0554048,0.0878876,0.000557665,0.00146639,2.19826e-05,0.0110359,0.0699918]","[0.558464,0.016264,0.0422624,1.93072e-06,3.01795e-06,1.7991e-06,0.000393634,0.0336702]","[0.929489,0.128043,0.182762,0.0124919,0.0117785,0.00803171,0.0402744,0.130734]"
