Variable,Importance Factor
Q,0.7257119038849249
Ks,0.03508781424923231
Zv,0.127004622553816
Zm,0.0018713500835002032
B,2.5990970297479496e-05
L,9.35673708113733e-08
Zb,0.012255358292211388
Hd,0.09804286639864679
