Variable,PCC,Pearson,PRCC,Spearman,SRC,SRRC
"[x1,x2,x3]",0.4334255279423584,0.4333900093439929,0.4352713599644415,0.4352941099409411,0.4331777811519406,0.4350994590915333
"[x1,x2,x3]",0.0210704799466168,0.0232295127479183,0.0197507896149674,0.0220543112325431,0.0189829976696901,0.0177791171658409
"[x1,x2,x3]",-0.0284540190562047,-0.0265010382343561,-0.0213386412293253,-0.0200502866365028,-0.0256386857770265,-0.0192082674450631
