Sobol Index,Upper Bound,Lower Bound
0.30892,0.247594,0.372856
0.491706,0.40666,0.58523
-0.0269931,-0.127135,0.0727581
