Variable,Correlation_Coefficient
"[x1,x2,x3]",0.43342552794235845
"[x1,x2,x3]",0.021070479946616805
"[x1,x2,x3]",-0.028454019056204725
