Variable,Correlation_Coefficient
"[x1,x2,x3]",0.43339000934399297
"[x1,x2,x3]",0.023229512747918356
"[x1,x2,x3]",-0.026501038234356178
