Variable,Correlation_Coefficient
"[x1,x2,x3]",0.43527135996444155
"[x1,x2,x3]",0.01975078961496742
"[x1,x2,x3]",-0.021338641229325352
