Variable,Correlation_Coefficient
"[x1,x2,x3]",0.4352941099409411
"[x1,x2,x3]",0.02205431123254311
"[x1,x2,x3]",-0.020050286636502865
