Variable,Correlation_Coefficient
"[x1,x2,x3]",0.43317778115194067
"[x1,x2,x3]",0.018982997669690103
"[x1,x2,x3]",-0.025638685777026528
