Variable,Correlation_Coefficient
"[x1,x2,x3]",0.4350994590915333
"[x1,x2,x3]",0.017779117165840998
"[x1,x2,x3]",-0.019208267445063168
