Sobol Index,Upper Bound,Lower Bound
0.56597,0.452132,0.698691
0.398217,0.275154,0.547924
0.267364,0.169934,0.365506
