Sobol Index,Upper Bound,Lower Bound
0.629096,0.471584,0.828757
0.0477202,-0.0178966,0.117371
0.0478047,-0.0177039,0.11735
0.145853,0.0732662,0.22884
0.0477966,-0.0177901,0.117366
0.104839,0.033382,0.179234
0.123786,0.0466447,0.205637
0.0611586,-0.0070523,0.136502
