Moment,Value
Mean,1.0054153932077223
Standard Deviation,0.23535181670463554
Variance,0.05539047762617236
Skewness,0.40828975811086693
Kurtosis,1.8030934291834253
