Variable,Correlation_Coefficient
"[X0,X1,X2,X3,X4,X5,X6,X7]",0.8889404385124579
"[X0,X1,X2,X3,X4,X5,X6,X7]",-0.4545863320935321
"[X0,X1,X2,X3,X4,X5,X6,X7]",0.6462119275373772
"[X0,X1,X2,X3,X4,X5,X6,X7]",-0.1546235767812657
"[X0,X1,X2,X3,X4,X5,X6,X7]",-0.02929989453931858
"[X0,X1,X2,X3,X4,X5,X6,X7]",0.08699797872185468
"[X0,X1,X2,X3,X4,X5,X6,X7]",-0.1854507183848542
"[X0,X1,X2,X3,X4,X5,X6,X7]",-0.5996110824494132
