Variable,Correlation_Coefficient
"[X0,X1,X2,X3,X4,X5,X6,X7]",0.914592778164847
"[X0,X1,X2,X3,X4,X5,X6,X7]",-0.36656792883115885
"[X0,X1,X2,X3,X4,X5,X6,X7]",0.663794318671963
"[X0,X1,X2,X3,X4,X5,X6,X7]",-0.08897363963950447
"[X0,X1,X2,X3,X4,X5,X6,X7]",-0.09882061760850877
"[X0,X1,X2,X3,X4,X5,X6,X7]",-0.018593444920225237
"[X0,X1,X2,X3,X4,X5,X6,X7]",-0.25017265731564226
"[X0,X1,X2,X3,X4,X5,X6,X7]",-0.6209958823103955
