Variable,Correlation_Coefficient
"[X0,X1,X2]",0.46505869556680757
"[X0,X1,X2]",0.021140995479420572
"[X0,X1,X2]",-0.08304107252671822
