Variable,Correlation_Coefficient
"[X0,X1,X2,X3,X4,X5,X6,X7]",0.7750109637199226
"[X0,X1,X2,X3,X4,X5,X6,X7]",-0.2547391830469048
"[X0,X1,X2,X3,X4,X5,X6,X7]",0.36585065751072043
"[X0,X1,X2,X3,X4,X5,X6,X7]",-0.15058096812166402
"[X0,X1,X2,X3,X4,X5,X6,X7]",0.014448235505650579
"[X0,X1,X2,X3,X4,X5,X6,X7]",0.08320271409458398
"[X0,X1,X2,X3,X4,X5,X6,X7]",-0.023386897445970133
"[X0,X1,X2,X3,X4,X5,X6,X7]",-0.30066641886153345
