Variable,Correlation_Coefficient
"[X0,X1,X2,X3,X4,X5,X6,X7]",0.7974237415642207
"[X0,X1,X2,X3,X4,X5,X6,X7]",-0.05456442440546346
"[X0,X1,X2,X3,X4,X5,X6,X7]",0.3053591329865535
"[X0,X1,X2,X3,X4,X5,X6,X7]",-0.008979828914464364
"[X0,X1,X2,X3,X4,X5,X6,X7]",0.018822591254832693
"[X0,X1,X2,X3,X4,X5,X6,X7]",-0.061007684815521476
"[X0,X1,X2,X3,X4,X5,X6,X7]",-0.0628616887375433
"[X0,X1,X2,X3,X4,X5,X6,X7]",-0.29787483295591366
