Variable,Correlation_Coefficient
"[X0,X1,X2]",0.465296337292923
"[X0,X1,X2]",0.02968834744792627
"[X0,X1,X2]",-0.0807745456660867
