Variable,Correlation_Coefficient
"[X0,X1,X2]",0.4615020969460246
"[X0,X1,X2]",0.052299655570285965
"[X0,X1,X2]",-0.06952157032890517
