Variable,Correlation_Coefficient
"[X0,X1,X2,X3,X4,X5,X6,X7]",0.9761594577472195
"[X0,X1,X2,X3,X4,X5,X6,X7]",-0.6019704692533326
"[X0,X1,X2,X3,X4,X5,X6,X7]",0.8768061433128316
"[X0,X1,X2,X3,X4,X5,X6,X7]",-0.15290419508257486
"[X0,X1,X2,X3,X4,X5,X6,X7]",-0.11050547598367094
"[X0,X1,X2,X3,X4,X5,X6,X7]",0.07311937053969828
"[X0,X1,X2,X3,X4,X5,X6,X7]",-0.4917858330104313
"[X0,X1,X2,X3,X4,X5,X6,X7]",-0.8388834812576126
