Variable,Correlation_Coefficient
"[X0,X1,X2,X3,X4,X5,X6,X7]",0.9574140130579981
"[X0,X1,X2,X3,X4,X5,X6,X7]",-0.6135263645945834
"[X0,X1,X2,X3,X4,X5,X6,X7]",0.7966028424226352
"[X0,X1,X2,X3,X4,X5,X6,X7]",-0.21017860437242272
"[X0,X1,X2,X3,X4,X5,X6,X7]",-0.09316635211934733
"[X0,X1,X2,X3,X4,X5,X6,X7]",0.023371794372244355
"[X0,X1,X2,X3,X4,X5,X6,X7]",-0.2920236599622789
"[X0,X1,X2,X3,X4,X5,X6,X7]",-0.7614120209246423
