Variable,Correlation_Coefficient
"[X0,X1,X2]",0.46255973715327103
"[X0,X1,X2]",0.06356915678222853
"[X0,X1,X2]",-0.06547211955608354
