Variable,Correlation_Coefficient
"[X0,X1,X2,X3,X4,X5,X6,X7]",0.8404071193063709
"[X0,X1,X2,X3,X4,X5,X6,X7]",-0.035264369138600045
"[X0,X1,X2,X3,X4,X5,X6,X7]",0.33486959236258707
"[X0,X1,X2,X3,X4,X5,X6,X7]",0.012766004466664472
"[X0,X1,X2,X3,X4,X5,X6,X7]",0.020491608270789333
"[X0,X1,X2,X3,X4,X5,X6,X7]",-0.0622687550011939
"[X0,X1,X2,X3,X4,X5,X6,X7]",-0.061557205845105184
"[X0,X1,X2,X3,X4,X5,X6,X7]",-0.31652940962360443
