Variable,Correlation_Coefficient
"[X0,X1,X2,X3,X4,X5,X6,X7]",0.8378118862014579
"[X0,X1,X2,X3,X4,X5,X6,X7]",-0.23385748909449058
"[X0,X1,X2,X3,X4,X5,X6,X7]",0.36963611100836097
"[X0,X1,X2,X3,X4,X5,X6,X7]",-0.1543178071643809
"[X0,X1,X2,X3,X4,X5,X6,X7]",0.040366232409331036
"[X0,X1,X2,X3,X4,X5,X6,X7]",0.07714183736944608
"[X0,X1,X2,X3,X4,X5,X6,X7]",-0.020640264761781064
"[X0,X1,X2,X3,X4,X5,X6,X7]",-0.30817753976986956
