Variable,Correlation_Coefficient
"[X0,X1,X2,X3,X4,X5,X6,X7]",0.7024169202431484
"[X0,X1,X2,X3,X4,X5,X6,X7]",0.04834976606213124
"[X0,X1,X2,X3,X4,X5,X6,X7]",0.13310153803766958
"[X0,X1,X2,X3,X4,X5,X6,X7]",0.0045531015619516306
"[X0,X1,X2,X3,X4,X5,X6,X7]",0.00015849757191128912
"[X0,X1,X2,X3,X4,X5,X6,X7]",0.0014510606171638965
"[X0,X1,X2,X3,X4,X5,X6,X7]",0.006641283240354202
"[X0,X1,X2,X3,X4,X5,X6,X7]",0.10332783266566985
