Variable,Correlation_Coefficient
"[X0,X1,X2,X3,X4,X5,X6,X7]",0.7570821296256344
"[X0,X1,X2,X3,X4,X5,X6,X7]",0.022975119079317576
"[X0,X1,X2,X3,X4,X5,X6,X7]",0.11536154204544853
"[X0,X1,X2,X3,X4,X5,X6,X7]",0.0011793849767023138
"[X0,X1,X2,X3,X4,X5,X6,X7]",0.0014690992682602534
"[X0,X1,X2,X3,X4,X5,X6,X7]",5.052170599682448e-05
"[X0,X1,X2,X3,X4,X5,X6,X7]",0.009856971135685674
"[X0,X1,X2,X3,X4,X5,X6,X7]",0.09202523216295454
