Variable,Correlation_Coefficient
"[X0,X1,X2]",0.9739193921209598
"[X0,X1,X2]",0.0015785954405922356
"[X0,X1,X2]",0.024502012438448052
