Variable,Correlation_Coefficient
"[X0,X1,X2,X3,X4,X5,X6,X7]",0.8360468800447449
"[X0,X1,X2,X3,X4,X5,X6,X7]",-0.1456424642305548
"[X0,X1,X2,X3,X4,X5,X6,X7]",0.32635454048350054
"[X0,X1,X2,X3,X4,X5,X6,X7]",-0.03299794760595028
"[X0,X1,X2,X3,X4,X5,X6,X7]",-0.03682855711213214
"[X0,X1,X2,X3,X4,X5,X6,X7]",-0.0068296451040986556
"[X0,X1,X2,X3,X4,X5,X6,X7]",-0.09539615605812791
"[X0,X1,X2,X3,X4,X5,X6,X7]",-0.29148257255716886
