Variable,Correlation_Coefficient
"[X0,X1,X2,X3,X4,X5,X6,X7]",0.7519409184135434
"[X0,X1,X2,X3,X4,X5,X6,X7]",-0.19728016603711124
"[X0,X1,X2,X3,X4,X5,X6,X7]",0.3273239422909041
"[X0,X1,X2,X3,X4,X5,X6,X7]",-0.060539649902726284
"[X0,X1,X2,X3,X4,X5,X6,X7]",-0.011295294090833892
"[X0,X1,X2,X3,X4,X5,X6,X7]",0.034176612458480714
"[X0,X1,X2,X3,X4,X5,X6,X7]",-0.07311596857583408
"[X0,X1,X2,X3,X4,X5,X6,X7]",-0.2883997610516962
