Variable,Correlation_Coefficient
"[X0,X1,X2]",0.46355298921470156
"[X0,X1,X2]",0.018662649569592456
"[X0,X1,X2]",-0.07352563048590621
