Variable,Correlation_Coefficient
"[X0,X1,X2]",0.45994865117120354
"[X0,X1,X2]",0.04632017026123402
"[X0,X1,X2]",-0.06158924436689124
