Variable,Correlation_Coefficient
"[X0,X1,X2,X3,X4,X5,X6,X7]",0.8134622386394297
"[X0,X1,X2,X3,X4,X5,X6,X7]",-0.18947575734325894
"[X0,X1,X2,X3,X4,X5,X6,X7]",0.32123128835574805
"[X0,X1,X2,X3,X4,X5,X6,X7]",-0.052433578144648656
"[X0,X1,X2,X3,X4,X5,X6,X7]",-0.02278148373392723
"[X0,X1,X2,X3,X4,X5,X6,X7]",0.005789905537552191
"[X0,X1,X2,X3,X4,X5,X6,X7]",-0.0745920750754966
"[X0,X1,X2,X3,X4,X5,X6,X7]",-0.28491588936044515
