Variable,Correlation_Coefficient
"[X0,X1,X2,X3,X4,X5,X6,X7]",0.8800539372661487
"[X0,X1,X2,X3,X4,X5,X6,X7]",-0.14710412148454438
"[X0,X1,X2,X3,X4,X5,X6,X7]",0.3537134463362801
"[X0,X1,X2,X3,X4,X5,X6,X7]",-0.03018438616213568
"[X0,X1,X2,X3,X4,X5,X6,X7]",-0.02171646388619321
"[X0,X1,X2,X3,X4,X5,X6,X7]",0.014194934657146442
"[X0,X1,X2,X3,X4,X5,X6,X7]",-0.10984426092692796
"[X0,X1,X2,X3,X4,X5,X6,X7]",-0.29928487948733046
