Sobol Index,Upper Bound,Lower Bound
0.665247,0.492009,0.843585
-2.51773e-05,-0.164013,0.181424
2.93068e-07,-0.164045,0.181472
0.123045,-0.0364605,0.304675
-0.000186405,-0.164394,0.181442
0.0894063,-0.0936623,0.292271
0.10956,-0.0325962,0.267722
0.0290607,-0.149443,0.219522
